"","auroc","aupr","aucEstimate","aucSE95","lowerCI95","upperCI95","aucSE99","lowerCI99","upperCI99","diseaseType","sampleType","datasetName","metadataName","minorityClassSize","majorityClassSize","minorityClassName","majorityClassName"
"1",0.96425702811245,0.807093473434583,0.963933452168746,0.0144177958001024,0.935675091664093,0.9921918126734,0.0144177958001024,0.926795671254258,1,"Bladder Urothelial Carcinoma","Primary Tumor","vbDataBarnDFReconciledQC_Int_HiSeq_Broad_WGS","metadataSamplesAllQC_HiSeq_Broad_WGS",30,332,"Bladder Urothelial Carcinoma","OtherCancerType"
"2",0.988489322854648,0.920763460424513,0.993773674242424,0.00386197658024653,0.986204339236004,1,0.00386197658024653,0.983825881797406,1,"Brain Lower Grade Glioma","Primary Tumor","vbDataBarnDFReconciledQC_Int_HiSeq_Broad_WGS","metadataSamplesAllQC_HiSeq_Broad_WGS",39,323,"Brain Lower Grade Glioma","OtherCancerType"
"3",0.966463414634146,0.875842306912484,0.955271464646465,0.014691276384592,0.92647709204574,0.984065837247189,0.014691276384592,0.917429244428496,0.993113684864433,"Glioblastoma Multiforme","Primary Tumor","vbDataBarnDFReconciledQC_Int_HiSeq_Broad_WGS","metadataSamplesAllQC_HiSeq_Broad_WGS",34,328,"Glioblastoma Multiforme","OtherCancerType"
"4",0.996296657245882,0.914834299749108,0.996969696969697,0.00247136857035845,0.99212590357927,1,0.00247136857035845,0.990603873386298,1,"Head and Neck Squamous Cell Carcinoma","Primary Tumor","vbDataBarnDFReconciledQC_Int_HiSeq_Broad_WGS","metadataSamplesAllQC_HiSeq_Broad_WGS",31,331,"Head and Neck Squamous Cell Carcinoma","OtherCancerType"
"5",0.915922619047619,0.795143407473252,0.9375,0.0319827551547535,0.874814951770321,1,0.0319827551547535,0.855117882064156,1,"Lung Adenocarcinoma","Blood Derived Normal","vbDataBarnDFReconciledQC_Int_HiSeq_Broad_WGS","metadataSamplesAllQC_HiSeq_Broad_WGS",24,280,"Lung Adenocarcinoma","OtherCancerType"
"6",0.941569789529671,0.858028579328923,0.948735795454545,0.0190573314387848,0.911384112193084,0.986087478716007,0.0190573314387848,0.89964736268708,0.997824228222011,"Lung Adenocarcinoma","Primary Tumor","vbDataBarnDFReconciledQC_Int_HiSeq_Broad_WGS","metadataSamplesAllQC_HiSeq_Broad_WGS",41,321,"Lung Adenocarcinoma","OtherCancerType"
"7",0.985769230769231,0.92180212792735,0.987862903225806,0.00500896514682714,0.978045511938209,0.997680294513404,0.00500896514682714,0.974960664020154,1,"Lung Squamous Cell Carcinoma","Primary Tumor","vbDataBarnDFReconciledQC_Int_HiSeq_Broad_WGS","metadataSamplesAllQC_HiSeq_Broad_WGS",50,312,"Lung Squamous Cell Carcinoma","OtherCancerType"
"8",0.985380116959064,0.850490000938369,0.982647058823529,0.00762014978265048,0.967711839692734,0.997582277954325,0.00762014978265048,0.963018853715947,1,"Ovarian Serous Cystadenocarcinoma","Primary Tumor","vbDataBarnDFReconciledQC_Int_HiSeq_Broad_WGS","metadataSamplesAllQC_HiSeq_Broad_WGS",20,342,"Ovarian Serous Cystadenocarcinoma","OtherCancerType"
"9",0.994005847953216,0.826799343126191,0.99563025210084,0.00306211966703359,0.989628607837103,1,0.00306211966703359,0.987742754531522,1,"Prostate Adenocarcinoma","Primary Tumor","vbDataBarnDFReconciledQC_Int_HiSeq_Broad_WGS","metadataSamplesAllQC_HiSeq_Broad_WGS",20,342,"Prostate Adenocarcinoma","OtherCancerType"
"10",0.879710477941177,0.419659299165107,0.88913139329806,0.0221611323260177,0.845696372082439,0.932566414513681,0.0221611323260177,0.832048099252879,0.946214687343241,"Stomach Adenocarcinoma","Blood Derived Normal","vbDataBarnDFReconciledQC_Int_HiSeq_Broad_WGS","metadataSamplesAllQC_HiSeq_Broad_WGS",32,272,"Stomach Adenocarcinoma","OtherCancerType"
"11",0.962610145272684,0.791250591714235,0.960779671717172,0.0114548790249049,0.938328521381095,0.983230822053249,0.0114548790249049,0.931273858656214,0.990285484778129,"Stomach Adenocarcinoma","Primary Tumor","vbDataBarnDFReconciledQC_Int_HiSeq_Broad_WGS","metadataSamplesAllQC_HiSeq_Broad_WGS",39,323,"Stomach Adenocarcinoma","OtherCancerType"
"12",0.970769230769231,0.857681219947831,0.970584677419355,0.00913824040631914,0.952674055340901,0.988495299497809,0.00913824040631914,0.947046129997883,0.994123224840826,"Thyroid Carcinoma","Primary Tumor","vbDataBarnDFReconciledQC_Int_HiSeq_Broad_WGS","metadataSamplesAllQC_HiSeq_Broad_WGS",50,312,"Thyroid Carcinoma","OtherCancerType"
"13",0.963144294845641,0.845149848482822,0.96318857909767,0.0074678301968703,0.948551900869144,0.977825257326196,0.0074678301968703,0.943952723242644,0.982424434952696,"Uterine Corpus Endometrial Carcinoma","Primary Tumor","vbDataBarnDFReconciledQC_Int_HiSeq_HMS","metadataSamplesAllQC_HiSeq_HMS",114,774,"Uterine Corpus Endometrial Carcinoma","OtherCancerType"
"14",0.98943103415324,0.918619935655306,0.989261898909928,0.00206571135320047,0.9852131790552,0.993310618764657,0.00206571135320047,0.983940979073681,0.994582818746176,"Lung Squamous Cell Carcinoma","Primary Tumor","vbDataBarnDFReconciledQC_HiSeq_UNC","metadataSamplesAllQC_HiSeq_UNC",489,8025,"Lung Squamous Cell Carcinoma","OtherCancerType"
"15",0.999723582670141,0.968951596263248,0.999787345686765,0.000139662020067481,0.999513613157425,1,0.000139662020067481,0.999427600162883,1,"Lymphoid Neoplasm Diffuse Large B-cell Lymphoma","Primary Tumor","vbDataBarnDFReconciledQC_HiSeq_UNC","metadataSamplesAllQC_HiSeq_UNC",47,8467,"Lymphoid Neoplasm Diffuse Large B-cell Lymphoma","OtherCancerType"
"16",0.994943729037344,0.913443861208429,0.995584337285274,0.00197623547806068,0.991710986923305,0.999457687647243,0.00197623547806068,0.990493892030172,1,"Mesothelioma","Primary Tumor","vbDataBarnDFReconciledQC_HiSeq_UNC","metadataSamplesAllQC_HiSeq_UNC",87,8427,"Mesothelioma","OtherCancerType"
"17",0.992863631952382,0.855881656002759,0.992686899841048,0.00164032413294176,0.98947192361751,0.995901876064586,0.00164032413294176,0.988461704872098,0.996912094809998,"Pancreatic Adenocarcinoma","Primary Tumor","vbDataBarnDFReconciledQC_HiSeq_UNC","metadataSamplesAllQC_HiSeq_UNC",178,8336,"Pancreatic Adenocarcinoma","OtherCancerType"
"18",0.99975603312558,0.993438324573991,0.999779392172536,0.000148804586515413,0.999487740542232,1,0.000148804586515413,0.999396096958088,1,"Pheochromocytoma and Paraganglioma","Primary Tumor","vbDataBarnDFReconciledQC_HiSeq_UNC","metadataSamplesAllQC_HiSeq_UNC",178,8336,"Pheochromocytoma and Paraganglioma","OtherCancerType"
"19",0.99842582684343,0.986394120839072,0.998489633056718,0.000445405889545312,0.997616653554708,0.999362612558729,0.000445405889545312,0.997342343514454,0.999636922598982,"Prostate Adenocarcinoma","Primary Tumor","vbDataBarnDFReconciledQC_HiSeq_UNC","metadataSamplesAllQC_HiSeq_UNC",504,8010,"Prostate Adenocarcinoma","OtherCancerType"
"20",0.994318709797322,0.89990032446376,0.994861389356153,0.0020133303944696,0.990915334294013,0.998807444418293,0.0020133303944696,0.989675393928352,1,"Rectum Adenocarcinoma","Primary Tumor","vbDataBarnDFReconciledQC_HiSeq_UNC","metadataSamplesAllQC_HiSeq_UNC",92,8422,"Rectum Adenocarcinoma","OtherCancerType"
"21",0.99929468275925,0.983285477993561,0.999354631357343,0.000211131610631444,0.998940821004508,0.999768441710179,0.000211131610631444,0.998810792367773,0.999898470346913,"Sarcoma","Primary Tumor","vbDataBarnDFReconciledQC_HiSeq_UNC","metadataSamplesAllQC_HiSeq_UNC",259,8255,"Sarcoma","OtherCancerType"
"22",0.993362829304667,0.876461183702786,0.993456040317654,0.00274914416368998,0.988067816768514,0.998844263866795,0.00274914416368998,0.986374714221141,1,"Skin Cutaneous Melanoma","Primary Tumor","vbDataBarnDFReconciledQC_HiSeq_UNC","metadataSamplesAllQC_HiSeq_UNC",103,8411,"Skin Cutaneous Melanoma","OtherCancerType"
"23",0.998597406760945,0.964150194929254,0.99876340842928,0.000629607130950492,0.997529401128207,0.999997415730352,0.000629607130950492,0.997141647931654,1,"Testicular Germ Cell Tumors","Primary Tumor","vbDataBarnDFReconciledQC_HiSeq_UNC","metadataSamplesAllQC_HiSeq_UNC",134,8380,"Testicular Germ Cell Tumors","OtherCancerType"
"24",0.999161107140021,0.972140464873171,0.999315180581569,0.000385904057964009,0.998558822526472,1,0.000385904057964009,0.998321157600707,1,"Thymoma","Primary Tumor","vbDataBarnDFReconciledQC_HiSeq_UNC","metadataSamplesAllQC_HiSeq_UNC",120,8394,"Thymoma","OtherCancerType"
"25",0.997164823237224,0.982748487836404,0.997395571344643,0.000941737496420974,0.995549799768767,0.999241342920519,0.000941737496420974,0.994969816305111,0.999821326384175,"Thyroid Carcinoma","Primary Tumor","vbDataBarnDFReconciledQC_HiSeq_UNC","metadataSamplesAllQC_HiSeq_UNC",505,8009,"Thyroid Carcinoma","OtherCancerType"
"26",0.998877707452977,0.939188951548283,0.998883978905255,0.000537334140185474,0.997830823342828,0.999937134467683,0.000537334140185474,0.997499897881168,1,"Uterine Carcinosarcoma","Primary Tumor","vbDataBarnDFReconciledQC_HiSeq_UNC","metadataSamplesAllQC_HiSeq_UNC",57,8457,"Uterine Carcinosarcoma","OtherCancerType"
"27",0.977390888036591,0.753336560776192,0.977952459539919,0.00457160749107922,0.96899227350595,0.986912645573887,0.00457160749107922,0.966176779000073,0.989728140079764,"Uterine Corpus Endometrial Carcinoma","Primary Tumor","vbDataBarnDFReconciledQC_HiSeq_UNC","metadataSamplesAllQC_HiSeq_UNC",182,8332,"Uterine Corpus Endometrial Carcinoma","OtherCancerType"
"28",0.999728776381314,0.978641103154788,0.999673942222822,0.000155138843350334,0.999369875677252,0.999978008768392,0.000155138843350334,0.999274331044001,1,"Uveal Melanoma","Primary Tumor","vbDataBarnDFReconciledQC_HiSeq_UNC","metadataSamplesAllQC_HiSeq_UNC",80,8434,"Uveal Melanoma","OtherCancerType"
"29",0.96425702811245,0.807093473434583,0.963933452168746,0.0144177958001024,0.935675091664093,0.9921918126734,0.0144177958001024,0.926795671254258,1,"Bladder Urothelial Carcinoma","Primary Tumor","vbDataBarnDFReconciledQC_Int_HiSeq_Broad_WGS","metadataSamplesAllQC_HiSeq_Broad_WGS",30,332,"Bladder Urothelial Carcinoma","OtherCancerType"
"30",0.988489322854648,0.920763460424513,0.993773674242424,0.00386197658024653,0.986204339236004,1,0.00386197658024653,0.983825881797406,1,"Brain Lower Grade Glioma","Primary Tumor","vbDataBarnDFReconciledQC_Int_HiSeq_Broad_WGS","metadataSamplesAllQC_HiSeq_Broad_WGS",39,323,"Brain Lower Grade Glioma","OtherCancerType"
"31",0.966463414634146,0.875842306912484,0.955271464646465,0.014691276384592,0.92647709204574,0.984065837247189,0.014691276384592,0.917429244428496,0.993113684864433,"Glioblastoma Multiforme","Primary Tumor","vbDataBarnDFReconciledQC_Int_HiSeq_Broad_WGS","metadataSamplesAllQC_HiSeq_Broad_WGS",34,328,"Glioblastoma Multiforme","OtherCancerType"
"32",0.990976300916618,0.999082917528285,0.990881669006669,0.00252578606130472,0.985931219293858,0.99583211871948,0.00252578606130472,0.984375675255465,0.997387662757873,"Breast Invasive Carcinoma","Primary Tumor vs Solid Tissue Normal","vbDataBarnDFReconciledQC_Int_HiSeq_UNC","metadataSamplesAllQC_HiSeq_UNC",113,1118,"SolidTissueNormal","PrimaryTumor"
"33",0.915922619047619,0.795143407473252,0.9375,0.0319827551547535,0.874814951770321,1,0.0319827551547535,0.855117882064156,1,"Lung Adenocarcinoma","Blood Derived Normal","vbDataBarnDFReconciledQC_Int_HiSeq_Broad_WGS","metadataSamplesAllQC_HiSeq_Broad_WGS",24,280,"Lung Adenocarcinoma","OtherCancerType"
"34",0.941569789529671,0.858028579328923,0.948735795454545,0.0190573314387848,0.911384112193084,0.986087478716007,0.0190573314387848,0.89964736268708,0.997824228222011,"Lung Adenocarcinoma","Primary Tumor","vbDataBarnDFReconciledQC_Int_HiSeq_Broad_WGS","metadataSamplesAllQC_HiSeq_Broad_WGS",41,321,"Lung Adenocarcinoma","OtherCancerType"
"35",0.997073170731707,0.999607391935659,0.998333333333333,0.00153001007242779,0.995334568695391,1,0.00153001007242779,0.994392288554049,1,"Colon Adenocarcinoma","Primary Tumor vs Solid Tissue Normal","vbDataBarnDFReconciledQC_Int_HiSeq_UNC","metadataSamplesAllQC_HiSeq_UNC",41,300,"SolidTissueNormal","PrimaryTumor"
"36",0.981038710807497,0.998219304787263,0.98132730015083,0.00784283872222024,0.965955618718722,0.996698981582937,0.00784283872222024,0.961125486347127,1,"Head and Neck Squamous Cell Carcinoma","Primary Tumor vs Solid Tissue Normal","vbDataBarnDFReconciledQC_Int_HiSeq_UNC","metadataSamplesAllQC_HiSeq_UNC",44,519,"SolidTissueNormal","PrimaryTumor"
"37",0.996363636363636,0.99860377987043,1,0,1,1,0,1,1,"Kidney Chromophobe","Primary Tumor vs Solid Tissue Normal","vbDataBarnDFReconciledQC_Int_HiSeq_UNC","metadataSamplesAllQC_HiSeq_UNC",25,66,"SolidTissueNormal","PrimaryTumor"
"38",0.996506562570717,0.999738605390217,0.996944665312012,0.00151274095093039,0.99397974753025,0.999909583093775,0.00151274095093039,0.993048102841927,1,"Kidney Renal Clear Cell Carcinoma","Primary Tumor vs Solid Tissue Normal","vbDataBarnDFReconciledQC_Int_HiSeq_UNC","metadataSamplesAllQC_HiSeq_UNC",72,982,"SolidTissueNormal","PrimaryTumor"
"39",0.972368421052632,0.995116386515111,0.980213464696223,0.0160136773081143,0.948827233912273,1,0.0160136773081143,0.938964965428406,1,"Kidney Renal Papillary Cell Carcinoma","Primary Tumor vs Solid Tissue Normal","vbDataBarnDFReconciledQC_Int_HiSeq_UNC","metadataSamplesAllQC_HiSeq_UNC",32,285,"SolidTissueNormal","PrimaryTumor"
"40",0.98414364640884,0.997821996764388,0.985645645645646,0.00535559836467729,0.975148865735217,0.996142425556075,0.00535559836467729,0.971850538439871,0.99944075285142,"Liver Hepatocellular Carcinoma","Primary Tumor vs Solid Tissue Normal","vbDataBarnDFReconciledQC_Int_HiSeq_UNC","metadataSamplesAllQC_HiSeq_UNC",50,362,"SolidTissueNormal","PrimaryTumor"
"41",0.992978674765684,0.999215701131473,0.991680492709904,0.00321698466831303,0.985375318621193,0.997985666798616,0.00321698466831303,0.983394089332196,0.999966896087613,"Lung Adenocarcinoma","Primary Tumor vs Solid Tissue Normal","vbDataBarnDFReconciledQC_Int_HiSeq_UNC","metadataSamplesAllQC_HiSeq_UNC",59,519,"SolidTissueNormal","PrimaryTumor"
"42",0.996243896331539,0.999631730908887,0.997142857142857,0.00175752656035036,0.993698168382698,1,0.00175752656035036,0.992615768726941,1,"Lung Squamous Cell Carcinoma","Primary Tumor vs Solid Tissue Normal","vbDataBarnDFReconciledQC_Int_HiSeq_UNC","metadataSamplesAllQC_HiSeq_UNC",49,489,"SolidTissueNormal","PrimaryTumor"
"43",0.999723582670141,0.968951596263248,0.999787345686765,0.000139662020067481,0.999513613157425,1,0.000139662020067481,0.999427600162883,1,"Lymphoid Neoplasm Diffuse Large B-cell Lymphoma","Primary Tumor","vbDataBarnDFReconciledQC_HiSeq_UNC","metadataSamplesAllQC_HiSeq_UNC",47,8467,"Lymphoid Neoplasm Diffuse Large B-cell Lymphoma","OtherCancerType"
"44",0.994943729037344,0.913443861208429,0.995584337285274,0.00197623547806068,0.991710986923305,0.999457687647243,0.00197623547806068,0.990493892030172,1,"Mesothelioma","Primary Tumor","vbDataBarnDFReconciledQC_HiSeq_UNC","metadataSamplesAllQC_HiSeq_UNC",87,8427,"Mesothelioma","OtherCancerType"
"45",0.992863631952382,0.855881656002759,0.992686899841048,0.00164032413294176,0.98947192361751,0.995901876064586,0.00164032413294176,0.988461704872098,0.996912094809998,"Pancreatic Adenocarcinoma","Primary Tumor","vbDataBarnDFReconciledQC_HiSeq_UNC","metadataSamplesAllQC_HiSeq_UNC",178,8336,"Pancreatic Adenocarcinoma","OtherCancerType"
"46",0.99975603312558,0.993438324573991,0.999779392172536,0.000148804586515413,0.999487740542232,1,0.000148804586515413,0.999396096958088,1,"Pheochromocytoma and Paraganglioma","Primary Tumor","vbDataBarnDFReconciledQC_HiSeq_UNC","metadataSamplesAllQC_HiSeq_UNC",178,8336,"Pheochromocytoma and Paraganglioma","OtherCancerType"
"47",0.919070512820513,0.99067794375989,0.915956862745098,0.0155209933760593,0.885536274723737,0.946377450766459,0.0155209933760593,0.875977433186856,0.95593629230334,"Prostate Adenocarcinoma","Primary Tumor vs Solid Tissue Normal","vbDataBarnDFReconciledQC_Int_HiSeq_UNC","metadataSamplesAllQC_HiSeq_UNC",52,504,"SolidTissueNormal","PrimaryTumor"
"48",0.994318709797322,0.89990032446376,0.994861389356153,0.0020133303944696,0.990915334294013,0.998807444418293,0.0020133303944696,0.989675393928352,1,"Rectum Adenocarcinoma","Primary Tumor","vbDataBarnDFReconciledQC_HiSeq_UNC","metadataSamplesAllQC_HiSeq_UNC",92,8422,"Rectum Adenocarcinoma","OtherCancerType"
"49",0.99929468275925,0.983285477993561,0.999354631357343,0.000211131610631444,0.998940821004508,0.999768441710179,0.000211131610631444,0.998810792367773,0.999898470346913,"Sarcoma","Primary Tumor","vbDataBarnDFReconciledQC_HiSeq_UNC","metadataSamplesAllQC_HiSeq_UNC",259,8255,"Sarcoma","OtherCancerType"
"50",0.993362829304667,0.876461183702786,0.993456040317654,0.00274914416368998,0.988067816768514,0.998844263866795,0.00274914416368998,0.986374714221141,1,"Skin Cutaneous Melanoma","Primary Tumor","vbDataBarnDFReconciledQC_HiSeq_UNC","metadataSamplesAllQC_HiSeq_UNC",103,8411,"Skin Cutaneous Melanoma","OtherCancerType"
"51",0.998597406760945,0.964150194929254,0.99876340842928,0.000629607130950492,0.997529401128207,0.999997415730352,0.000629607130950492,0.997141647931654,1,"Testicular Germ Cell Tumors","Primary Tumor","vbDataBarnDFReconciledQC_HiSeq_UNC","metadataSamplesAllQC_HiSeq_UNC",134,8380,"Testicular Germ Cell Tumors","OtherCancerType"
"52",0.999161107140021,0.972140464873171,0.999315180581569,0.000385904057964009,0.998558822526472,1,0.000385904057964009,0.998321157600707,1,"Thymoma","Primary Tumor","vbDataBarnDFReconciledQC_HiSeq_UNC","metadataSamplesAllQC_HiSeq_UNC",120,8394,"Thymoma","OtherCancerType"
"53",0.947239469709683,0.990151525899129,0.950628758169935,0.0152452523002787,0.920748612726162,0.980508903613707,0.0152452523002787,0.91135959055488,0.989897925784989,"Thyroid Carcinoma","Primary Tumor vs Solid Tissue Normal","vbDataBarnDFReconciledQC_Int_HiSeq_UNC","metadataSamplesAllQC_HiSeq_UNC",59,505,"SolidTissueNormal","PrimaryTumor"
"54",0.998877707452977,0.939188951548283,0.998883978905255,0.000537334140185474,0.997830823342828,0.999937134467683,0.000537334140185474,0.997499897881168,1,"Uterine Carcinosarcoma","Primary Tumor","vbDataBarnDFReconciledQC_HiSeq_UNC","metadataSamplesAllQC_HiSeq_UNC",57,8457,"Uterine Carcinosarcoma","OtherCancerType"
"55",0.977390888036591,0.753336560776192,0.977952459539919,0.00457160749107922,0.96899227350595,0.986912645573887,0.00457160749107922,0.966176779000073,0.989728140079764,"Uterine Corpus Endometrial Carcinoma","Primary Tumor","vbDataBarnDFReconciledQC_HiSeq_UNC","metadataSamplesAllQC_HiSeq_UNC",182,8332,"Uterine Corpus Endometrial Carcinoma","OtherCancerType"
"56",0.999728776381314,0.978641103154788,0.999673942222822,0.000155138843350334,0.999369875677252,0.999978008768392,0.000155138843350334,0.999274331044001,1,"Uveal Melanoma","Primary Tumor","vbDataBarnDFReconciledQC_HiSeq_UNC","metadataSamplesAllQC_HiSeq_UNC",80,8434,"Uveal Melanoma","OtherCancerType"
"57",0.998019103644399,0.980932658858019,0.99823546856465,0.00162124945961182,0.995057878013856,1,0.00162124945961182,0.994059406698219,1,"Adrenocortical Carcinoma","Primary Tumor","vbDataBarnDFReconciledQC_Int_HiSeq_UNC","metadataSamplesAllQC_HiSeq_UNC",79,8435,"Adrenocortical Carcinoma","OtherCancerType"
"58",0.967220731198187,0.740512842892676,0.967386257725011,0.00356177244660718,0.960405312008534,0.974367203441488,0.00356177244660718,0.958211739884467,0.976560775565555,"Bladder Urothelial Carcinoma","Primary Tumor","vbDataBarnDFReconciledQC_Int_HiSeq_UNC","metadataSamplesAllQC_HiSeq_UNC",414,8100,"Bladder Urothelial Carcinoma","OtherCancerType"
"59",0.999725693867073,0.997131544866852,0.999762679110106,0.000133026869142056,0.999501951237611,1,0.000133026869142056,0.99942002460241,1,"Brain Lower Grade Glioma","Primary Tumor","vbDataBarnDFReconciledQC_Int_HiSeq_UNC","metadataSamplesAllQC_HiSeq_UNC",515,7999,"Brain Lower Grade Glioma","OtherCancerType"
"60",0.98655681986395,0.950766409848743,0.986562924869163,0.00163057095857251,0.983367064516124,0.989758785222203,0.00163057095857251,0.982362852412556,0.99076299732577,"Breast Invasive Carcinoma","Primary Tumor","vbDataBarnDFReconciledQC_Int_HiSeq_UNC","metadataSamplesAllQC_HiSeq_UNC",1118,7396,"Breast Invasive Carcinoma","OtherCancerType"
"61",0.987052855952305,0.903815717246272,0.987397220803374,0.00286199051291631,0.981787822473963,0.993006619132786,0.00286199051291631,0.980025221773725,0.994769219833023,"Cervical Squamous Cell Carcinoma and Endocervical Adenocarcinoma","Primary Tumor","vbDataBarnDFReconciledQC_Int_HiSeq_UNC","metadataSamplesAllQC_HiSeq_UNC",304,8210,"Cervical Squamous Cell Carcinoma and Endocervical Adenocarcinoma","OtherCancerType"
"62",0.991317396660638,0.871532654140222,0.99259013035278,0.00598527072428639,0.980859215295457,1,0.00598527072428639,0.97717309463149,1,"Cholangiocarcinoma","Primary Tumor","vbDataBarnDFReconciledQC_Int_HiSeq_UNC","metadataSamplesAllQC_HiSeq_UNC",36,8478,"Cholangiocarcinoma","OtherCancerType"
"63",0.993954630305982,0.900233314638897,0.994229565945828,0.0011345929542528,0.99200580461838,0.996453327273276,0.0011345929542528,0.991307048166663,0.997152083724993,"Colon Adenocarcinoma","Primary Tumor","vbDataBarnDFReconciledQC_Int_HiSeq_UNC","metadataSamplesAllQC_HiSeq_UNC",300,8214,"Colon Adenocarcinoma","OtherCancerType"
"64",0.999008291550234,0.991679253960151,0.998997671309065,0.000371705962874514,0.998269141008992,0.999726201609137,0.000371705962874514,0.998040220197589,0.999955122420541,"Head and Neck Squamous Cell Carcinoma","Primary Tumor","vbDataBarnDFReconciledQC_Int_HiSeq_UNC","metadataSamplesAllQC_HiSeq_UNC",519,7995,"Head and Neck Squamous Cell Carcinoma","OtherCancerType"
"65",0.99830513946281,0.957312983361228,0.998478444632291,0.000939412270065081,0.996637230416328,1,0.000939412270065081,0.996058678978944,1,"Kidney Chromophobe","Primary Tumor","vbDataBarnDFReconciledQC_Int_HiSeq_UNC","metadataSamplesAllQC_HiSeq_UNC",66,8448,"Kidney Chromophobe","OtherCancerType"
"66",0.996642972333658,0.984040880719877,0.996724173806975,0.000666155414920264,0.995418533185625,0.998029814428326,0.000666155414920264,0.995008271168506,0.998440076445445,"Kidney Renal Clear Cell Carcinoma","Primary Tumor","vbDataBarnDFReconciledQC_Int_HiSeq_UNC","metadataSamplesAllQC_HiSeq_UNC",982,7532,"Kidney Renal Clear Cell Carcinoma","OtherCancerType"
"67",0.987786454835594,0.886434645803657,0.987633004110559,0.00289639823242442,0.981956167890122,0.993309840330997,0.00289639823242442,0.980172376668733,0.995093631552385,"Kidney Renal Papillary Cell Carcinoma","Primary Tumor","vbDataBarnDFReconciledQC_Int_HiSeq_UNC","metadataSamplesAllQC_HiSeq_UNC",285,8229,"Kidney Renal Papillary Cell Carcinoma","OtherCancerType"
"68",0.994918374096585,0.973613328941065,0.995084208622191,0.00210074548693271,0.990966823127117,0.999201594117264,0.00210074548693271,0.989673046837651,1,"Liver Hepatocellular Carcinoma","Primary Tumor","vbDataBarnDFReconciledQC_Int_HiSeq_UNC","metadataSamplesAllQC_HiSeq_UNC",362,8152,"Liver Hepatocellular Carcinoma","OtherCancerType"
"69",0.987752460894996,0.894128045965244,0.987627691370907,0.00177877805612454,0.984141350444413,0.991114032297401,0.00177877805612454,0.983045862729431,0.992209520012382,"Lung Adenocarcinoma","Primary Tumor","vbDataBarnDFReconciledQC_Int_HiSeq_UNC","metadataSamplesAllQC_HiSeq_UNC",519,7995,"Lung Adenocarcinoma","OtherCancerType"
"70",0.9895006020297,0.918895929042505,0.989320422892498,0.00205887790714749,0.985285096345923,0.993355749439072,0.00205887790714749,0.984017104846838,0.994623740938158,"Lung Squamous Cell Carcinoma","Primary Tumor","vbDataBarnDFReconciledQC_Int_HiSeq_UNC","metadataSamplesAllQC_HiSeq_UNC",489,8025,"Lung Squamous Cell Carcinoma","OtherCancerType"
"71",0.999726095554958,0.968746786897106,0.999763705024827,0.000153631930363566,0.999462591974439,1,0.000153631930363566,0.999367975396636,1,"Lymphoid Neoplasm Diffuse Large B-cell Lymphoma","Primary Tumor","vbDataBarnDFReconciledQC_Int_HiSeq_UNC","metadataSamplesAllQC_HiSeq_UNC",47,8467,"Lymphoid Neoplasm Diffuse Large B-cell Lymphoma","OtherCancerType"
"72",0.995287451800384,0.915015369562845,0.99586114414048,0.00177801045773169,0.992376307679191,0.99934598060177,0.00177801045773169,0.991281292701439,1,"Mesothelioma","Primary Tumor","vbDataBarnDFReconciledQC_Int_HiSeq_UNC","metadataSamplesAllQC_HiSeq_UNC",87,8427,"Mesothelioma","OtherCancerType"
"73",0.992863631952382,0.855881656002759,0.992686899841048,0.00164032413294176,0.98947192361751,0.995901876064586,0.00164032413294176,0.988461704872098,0.996912094809998,"Pancreatic Adenocarcinoma","Primary Tumor","vbDataBarnDFReconciledQC_Int_HiSeq_UNC","metadataSamplesAllQC_HiSeq_UNC",178,8336,"Pancreatic Adenocarcinoma","OtherCancerType"
"74",0.999737836701244,0.993105063100233,0.999759800003135,0.000158247177241177,0.999449641235087,1,0.000158247177241177,0.999352182286793,1,"Pheochromocytoma and Paraganglioma","Primary Tumor","vbDataBarnDFReconciledQC_Int_HiSeq_UNC","metadataSamplesAllQC_HiSeq_UNC",178,8336,"Pheochromocytoma and Paraganglioma","OtherCancerType"
"75",0.998465459841864,0.986660507265659,0.998514112261634,0.000440227763257811,0.997651281700654,0.999376942822614,0.000440227763257811,0.997380160688799,0.999648063834469,"Prostate Adenocarcinoma","Primary Tumor","vbDataBarnDFReconciledQC_Int_HiSeq_UNC","metadataSamplesAllQC_HiSeq_UNC",504,8010,"Prostate Adenocarcinoma","OtherCancerType"
"76",0.994238691625453,0.896960584213859,0.994705831984765,0.00206448159388888,0.990659522413997,0.998752141555533,0.00206448159388888,0.989388079798588,1,"Rectum Adenocarcinoma","Primary Tumor","vbDataBarnDFReconciledQC_Int_HiSeq_UNC","metadataSamplesAllQC_HiSeq_UNC",92,8422,"Rectum Adenocarcinoma","OtherCancerType"
"77",0.999302633948303,0.983474127121367,0.999372883839325,0.000204881078038567,0.998971324305255,0.999774443373394,0.000204881078038567,0.99884514515477,0.999900622523879,"Sarcoma","Primary Tumor","vbDataBarnDFReconciledQC_Int_HiSeq_UNC","metadataSamplesAllQC_HiSeq_UNC",259,8255,"Sarcoma","OtherCancerType"
"78",0.993362829304667,0.876461183702786,0.993456040317654,0.00274914416368998,0.988067816768514,0.998844263866795,0.00274914416368998,0.986374714221141,1,"Skin Cutaneous Melanoma","Primary Tumor","vbDataBarnDFReconciledQC_Int_HiSeq_UNC","metadataSamplesAllQC_HiSeq_UNC",103,8411,"Skin Cutaneous Melanoma","OtherCancerType"
"79",0.998600078367114,0.964159893680255,0.998772587794068,0.000629462377567507,0.997538864204412,1,0.000629462377567507,0.997151200156448,1,"Testicular Germ Cell Tumors","Primary Tumor","vbDataBarnDFReconciledQC_Int_HiSeq_UNC","metadataSamplesAllQC_HiSeq_UNC",134,8380,"Testicular Germ Cell Tumors","OtherCancerType"
"80",0.999160114367405,0.972316768874837,0.99932510121649,0.000377206299566115,0.998585790454598,1,0.000377206299566115,0.998353482176584,1,"Thymoma","Primary Tumor","vbDataBarnDFReconciledQC_Int_HiSeq_UNC","metadataSamplesAllQC_HiSeq_UNC",120,8394,"Thymoma","OtherCancerType"
"81",0.996770712156745,0.982201408465783,0.997061384360236,0.00114047659362476,0.99482609131152,0.999296677408951,0.00114047659362476,0.994123711330365,0.999999057390106,"Thyroid Carcinoma","Primary Tumor","vbDataBarnDFReconciledQC_Int_HiSeq_UNC","metadataSamplesAllQC_HiSeq_UNC",505,8009,"Thyroid Carcinoma","OtherCancerType"
"82",0.99895446313549,0.939590735058341,0.999025990739575,0.000472558317638461,0.998099793456409,0.999952188022741,0.000472558317638461,0.997808761177366,1,"Uterine Carcinosarcoma","Primary Tumor","vbDataBarnDFReconciledQC_Int_HiSeq_UNC","metadataSamplesAllQC_HiSeq_UNC",57,8457,"Uterine Carcinosarcoma","OtherCancerType"
"83",0.977390888036591,0.753336560776192,0.977952459539919,0.00457160749107922,0.96899227350595,0.986912645573887,0.00457160749107922,0.966176779000073,0.989728140079764,"Uterine Corpus Endometrial Carcinoma","Primary Tumor","vbDataBarnDFReconciledQC_Int_HiSeq_UNC","metadataSamplesAllQC_HiSeq_UNC",182,8332,"Uterine Corpus Endometrial Carcinoma","OtherCancerType"
"84",0.999752489921745,0.979817672063029,0.999703563075902,0.000143789843029174,0.999421740162223,0.999985385989582,0.000143789843029174,0.999333184984675,1,"Uveal Melanoma","Primary Tumor","vbDataBarnDFReconciledQC_Int_HiSeq_UNC","metadataSamplesAllQC_HiSeq_UNC",80,8434,"Uveal Melanoma","OtherCancerType"
